{
  "upsaluran": 2,
  "mode": 1,
  "bratvid": 2,
  "brat": 14,
  "register": 18,
  "daftarumur": 19,
  "getchid": 4,
  "regist": 1,
  "pinterest": 8,
  "bensin": 4,
  "regis": 2,
  "delete": 2,
  "promote": 2,
  "tts": 7,
  "slow": 3,
  "xnxxsearch": 4,
  "addowner": 7,
  "ownermenu": 2,
  "delprem": 1,
  "addprem": 4,
  "menu": 50,
  "toaudio": 44,
  "sendlistch": 1,
  "bot": 13,
  "loli": 1,
  "cecanjapan": 1,
  "hd": 16,
  "h": 2,
  "remini": 3,
  "hade": 2,
  "ttmp3": 3,
  "ping": 5,
  "kontol": 1,
  "simpelmenu": 6,
  "grup": 4,
  "sound1": 12,
  "sewa": 1,
  "phonk": 91,
  "soundmenu": 5,
  "sound5": 14,
  "sound3": 6,
  "sound17": 4,
  "sound2": 3,
  "sound4": 4,
  "sound18": 7,
  "sound12": 3,
  "sound20": 3,
  "sound10": 2,
  "allmenu": 10,
  "sound16": 1,
  "sound30": 10,
  "sound27": 2,
  "sound8": 6,
  "sound23": 2,
  "nsfwmenu": 4,
  "sound26": 3,
  "sound7": 5,
  "sound25": 1,
  "sound19": 1,
  "pokemon": 1,
  "pentol": 1,
  "akira": 1,
  "bluearchive": 1,
  "emilia": 1,
  "erza": 1,
  "hacker": 1,
  "islamic": 1,
  "sakura": 1,
  "yulibocil": 1,
  "elaina": 1,
  "cosplay": 1,
  "cosplayloli": 1,
  "cecanindo": 1,
  "sendbutton": 4,
  "sendbutton2": 18,
  "sendlist2": 2,
  "setbiobot": 4,
  "find": 3,
  "claim": 1,
  "sound21": 2,
  "tqto": 3,
  "payment": 4,
  "tesbtn": 1,
  "islammenu": 6,
  "cekbot": 1,
  "sound6": 4,
  "downloadmenu": 2,
  "play": 9,
  "ytmp3": 10,
  "populer": 1,
  "mnu": 17,
  "sound11": 2,
  "delowner": 1,
  "sound37": 3,
  "sound38": 2,
  "sound40": 6,
  "github": 4,
  "owner": 5,
  "restart": 1,
  "gdrive": 2,
  "anticall": 5,
  "profile": 3,
  "": 87,
  "cekprofile": 7,
  "profil": 14,
  "getcontact": 1,
  "othermenu": 1,
  "sound32": 2,
  "sound36": 3,
  "sound41": 14,
  "sound39": 4,
  "sound33": 1,
  "bass": 2,
  "audiomenu": 6,
  "toimage": 1,
  "sendsc": 1,
  "banned": 5,
  "listban": 1,
  "reg": 13,
  "daftarumur10": 1,
  "verify": 2,
  "daftarumur15": 3,
  "daftarumur18": 3,
  "daftarumur16": 4,
  "daftarumur26": 1,
  "daftarumur20": 2,
  "daftarumur22": 1,
  "sound15": 1,
  "sound9": 1,
  "login": 2,
  "ytmp4": 3,
  "daftarumur21": 1,
  "song": 2,
  "sound42": 2,
  "aimenu": 1,
  "animemenu": 1,
  "gamemenu": 1,
  "contact2": 1,
  "contact": 2,
  "contacttag": 1,
  "listowner": 1,
  "list1": 7,
  "feeldream": 3,
  "bucin": 6,
  "list5": 2,
  "list11": 13,
  "list3": 4,
  "list7": 3,
  "list10": 2,
  "list9": 1,
  "list8": 1,
  "list6": 1,
  "list4": 2,
  "list2": 2,
  "bonus": 4,
  "list14": 2,
  "list15": 3,
  "list13": 3,
  "list12": 2,
  "sound35": 1,
  "kaga": 4,
  "qc": 1,
  "bv": 1,
  "getq": 1,
  "ig": 9,
  "gitclone": 2,
  "settings": 2,
  "spotify": 3,
  "asupan": 3,
  "samehadakurelease": 1,
  "pinterestdl": 1,
  "kyymenu": 2,
  "menu?": 2,
  "about": 1,
  "sound60": 1,
  "sound90": 1,
  "tourl": 1
}