[
  {
    "kode": "DN1",
    "nama": "Dana 1.000",
    "harga": 1431,
    "kategori": "DANA"
  },
  {
    "kode": "DN2",
    "nama": "Dana 2.000",
    "harga": 2431,
    "kategori": "DANA"
  },
  {
    "kode": "DN3",
    "nama": "Dana 3.000",
    "harga": 3431,
    "kategori": "DANA"
  },
  {
    "kode": "DN4",
    "nama": "Dana 4.000",
    "harga": 4431,
    "kategori": "DANA"
  },
  {
    "kode": "DN5",
    "nama": "Dana 5.000",
    "harga": 5431,
    "kategori": "DANA"
  },
  {
    "kode": "DN10",
    "nama": "Dana 10.000",
    "harga": 10431,
    "kategori": "DANA"
  },
  {
    "kode": "DN20",
    "nama": "Dana 20.000",
    "harga": 20431,
    "kategori": "DANA"
  },
  {
    "kode": "DN30",
    "nama": "Dana 30.000",
    "harga": 30431,
    "kategori": "DANA"
  },
  {
    "kode": "DN50",
    "nama": "Dana 50.000",
    "harga": 50431,
    "kategori": "DANA"
  },
  {
    "kode": "DN60",
    "nama": "Dana 60.000",
    "harga": 60431,
    "kategori": "DANA"
  },
  {
    "kode": "DN70",
    "nama": "Dana 70.000",
    "harga": 70431,
    "kategori": "DANA"
  },
  {
    "kode": "DN80",
    "nama": "Dana 80.000",
    "harga": 80841,
    "kategori": "DANA"
  },
  {
    "kode": "DN90",
    "nama": "Dana 90.000",
    "harga": 90841,
    "kategori": "DANA"
  },
  {
    "kode": "DN100",
    "nama": "Dana 100.000",
    "harga": 101410,
    "kategori": "DANA"
  },
  {
    "kode": "OV10",
    "nama": "OVO 10.000",
    "harga": 10431,
    "kategori": "OVO"
  },
  {
    "kode": "OV20",
    "nama": "OVO 20.000",
    "harga": 20431,
    "kategori": "OVO"
  },
  {
    "kode": "OV30",
    "nama": "OVO 30.000",
    "harga": 30431,
    "kategori": "OVO"
  },
  {
    "kode": "OV50",
    "nama": "OVO 50.000",
    "harga": 50431,
    "kategori": "OVO"
  },
  {
    "kode": "OV60",
    "nama": "OVO 60.000",
    "harga": 60431,
    "kategori": "OVO"
  },
  {
    "kode": "OV70",
    "nama": "OVO 70.000",
    "harga": 70431,
    "kategori": "OVO"
  },
  {
    "kode": "OV80",
    "nama": "OVO 80.000",
    "harga": 80431,
    "kategori": "OVO"
  },
  {
    "kode": "OV90",
    "nama": "OVO 90.000",
    "harga": 90431,
    "kategori": "OVO"
  },
  {
    "kode": "OV100",
    "nama": "OVO 100.000",
    "harga": 101431,
    "kategori": "OVO"
  },
  {
    "kode": "GP10",
    "nama": "GoPay 10.000",
    "harga": 10431,
    "kategori": "GOPAY"
  },
  {
    "kode": "GP20",
    "nama": "GoPay 20.000",
    "harga": 20431,
    "kategori": "GOPAY"
  },
  {
    "kode": "GP30",
    "nama": "GoPay 30.000",
    "harga": 30431,
    "kategori": "GOPAY"
  },
  {
    "kode": "GP50",
    "nama": "GoPay 50.000",
    "harga": 50431,
    "kategori": "GOPAY"
  },
  {
    "kode": "GP60",
    "nama": "GoPay 60.000",
    "harga": 60431,
    "kategori": "GOPAY"
  },
  {
    "kode": "GP70",
    "nama": "GoPay 70.000",
    "harga": 70431,
    "kategori": "GOPAY"
  },
  {
    "kode": "GP80",
    "nama": "GoPay 80.000",
    "harga": 80431,
    "kategori": "GOPAY"
  },
  {
    "kode": "GP90",
    "nama": "GoPay 90.000",
    "harga": 90431,
    "kategori": "GOPAY"
  },
  {
    "kode": "GP100",
    "nama": "GoPay 100.000",
    "harga": 101431,
    "kategori": "GOPAY"
  },
  {
    "kode": "SP10",
    "nama": "Shopee 10.000",
    "harga": 10431,
    "kategori": "SHOPEEPAY"
  },
  {
    "kode": "SP20",
    "nama": "Shopee 20.000",
    "harga": 20431,
    "kategori": "SHOPEEPAY"
  },
  {
    "kode": "SP30",
    "nama": "Shopee 30.000",
    "harga": 30431,
    "kategori": "SHOPEEPAY"
  },
  {
    "kode": "SP50",
    "nama": "Shopee 50.000",
    "harga": 50431,
    "kategori": "SHOPEEPAY"
  },
  {
    "kode": "SP60",
    "nama": "Shopee 60.000",
    "harga": 60431,
    "kategori": "SHOPEEPAY"
  },
  {
    "kode": "SP70",
    "nama": "Shopee 70.000",
    "harga": 70431,
    "kategori": "SHOPEEPAY"
  },
  {
    "kode": "SP80",
    "nama": "Shopee 80.000",
    "harga": 80431,
    "kategori": "SHOPEEPAY"
  },
  {
    "kode": "SP90",
    "nama": "Shopee 90.000",
    "harga": 90431,
    "kategori": "SHOPEEPAY"
  },
  {
    "kode": "SP100",
    "nama": "Shopee 100.000",
    "harga": 101431,
    "kategori": "SHOPEEPAY"
  },
  {
    "kode": "D5",
    "nama": "💎5",
    "harga": 1000,
    "kategori": "FreeFire"
  },
  {
    "kode": "D12",
    "nama": "💎12",
    "harga": 2000,
    "kategori": "FreeFire"
  },
  {
    "kode": "D50",
    "nama": "💎50",
    "harga": 7500,
    "kategori": "FreeFire"
  },
  {
    "kode": "D70",
    "nama": "💎70",
    "harga": 9000,
    "kategori": "FreeFire"
  },
  {
    "kode": "D140",
    "nama": "💎140",
    "harga": 18000,
    "kategori": "FreeFire"
  },
  {
    "kode": "D210",
    "nama": "💎210",
    "harga": 25981,
    "kategori": "FreeFire"
  },
  {
    "kode": "D355",
    "nama": "💎355",
    "harga": 42774,
    "kategori": "FreeFire"
  },
  {
    "kode": "D500",
    "nama": "💎500",
    "harga": 61355,
    "kategori": "FreeFire"
  },
  {
    "kode": "D720",
    "nama": "💎720",
    "harga": 84000,
    "kategori": "FreeFire"
  },
  {
    "kode": "D1000",
    "nama": "💎1000",
    "harga": 118550,
    "kategori": "FreeFire"
  },
  {
    "kode": "D1450",
    "nama": "💎1450",
    "harga": 173075,
    "kategori": "FreeFire"
  },
  {
    "kode": "D2180",
    "nama": "💎2180",
    "harga": 259653,
    "kategori": "FreeFire"
  },
  {
    "kode": "D3640",
    "nama": "💎3640",
    "harga": 437850,
    "kategori": "FreeFire"
  },
  {
    "kode": "DM1",
    "nama": "Membership Mingguan 💎50",
    "harga": 26200,
    "kategori": "FreeFire"
  },
  {
    "kode": "DM2",
    "nama": "Membership Bulanan 💎60",
    "harga": 78300,
    "kategori": "FreeFire"
  },
  {
    "kode": "LUP",
    "nama": "Membership Level Up Pass",
    "harga": 78300,
    "kategori": "FreeFire"
  },
  {
    "kode": "BPC",
    "nama": "Booyah Card Pass",
    "harga": 39000,
    "kategori": "FreeFire"
  },
  {
    "kode": "G60",
    "nama": "💎60 CRYSTAL",
    "harga": 11900,
    "kategori": "Genshin"
  },
  {
    "kode": "G120",
    "nama": "💎120 CRYSTAL",
    "harga": 25100,
    "kategori": "Genshin"
  },
  {
    "kode": "G290",
    "nama": "💎290+40 CRYSTAL",
    "harga": 57300,
    "kategori": "Genshin"
  },
  {
    "kode": "G970",
    "nama": "💎970+120 CRYSAL",
    "harga": 169500,
    "kategori": "Genshin"
  },
  {
    "kode": "G1980",
    "nama": "💎1980+260 CRYSTAL",
    "harga": 371700,
    "kategori": "Genshin"
  },
  {
    "kode": "D3280",
    "nama": "💎3280+600 CRYSTAL",
    "harga": 580000,
    "kategori": "Genshin"
  },
  {
    "kode": "BWM",
    "nama": "Blessing Welkin Moon",
    "harga": 57500,
    "kategori": "Genshin"
  }
]