{
  "users": {
    "62881027174423@s.whatsapp.net": {
      "afkTime": -1,
      "afkReason": "",
      "limit": 20
    },
    "6282228375693@s.whatsapp.net": {
      "afkTime": -1,
      "afkReason": "",
      "limit": 20
    },
    "6288989971490@s.whatsapp.net": {
      "afkTime": -1,
      "afkReason": "",
      "limit": 20
    },
    "6283139048514@s.whatsapp.net": {
      "afkTime": -1,
      "afkReason": "",
      "limit": 20
    },
    "6281252826231@s.whatsapp.net": {
      "afkTime": -1,
      "afkReason": "",
      "limit": 20
    },
    "6283842732619@s.whatsapp.net": {
      "afkTime": -1,
      "afkReason": "",
      "limit": 20
    },
    "6285343783874@s.whatsapp.net": {
      "afkTime": -1,
      "afkReason": "",
      "limit": 20
    },
    "120363321508956696@newsletter": {
      "afkTime": -1,
      "afkReason": "",
      "limit": 20
    },
    "120363363009408737@newsletter": {
      "afkTime": -1,
      "afkReason": "",
      "limit": 20
    },
    "6285749725314@s.whatsapp.net": {
      "afkTime": -1,
      "afkReason": "",
      "limit": 20
    },
    "6282320884089@s.whatsapp.net": {
      "afkTime": -1,
      "afkReason": "",
      "limit": 20
    },
    "62881036711862@s.whatsapp.net": {
      "afkTime": -1,
      "afkReason": "",
      "limit": 20
    },
    "6285828577232@s.whatsapp.net": {
      "afkTime": -1,
      "afkReason": "",
      "limit": 20
    },
    "595992613859@s.whatsapp.net": {
      "afkTime": -1,
      "afkReason": "",
      "limit": 20
    },
    "6285135365009@s.whatsapp.net": {
      "afkTime": -1,
      "afkReason": "",
      "limit": 20
    },
    "6289513414707@s.whatsapp.net": {
      "afkTime": -1,
      "afkReason": "",
      "limit": 20
    },
    "6285733818592@s.whatsapp.net": {
      "afkTime": -1,
      "afkReason": "",
      "limit": 20
    },
    "62882008702155@s.whatsapp.net": {
      "afkTime": -1,
      "afkReason": "",
      "limit": 20
    },
    "6287783834137@s.whatsapp.net": {
      "afkTime": -1,
      "afkReason": "",
      "limit": 20
    },
    "120363297258711626@newsletter": {
      "afkTime": -1,
      "afkReason": "",
      "limit": 20
    },
    "50251731838@s.whatsapp.net": {
      "afkTime": -1,
      "afkReason": "",
      "limit": 20
    },
    "6285814032807@s.whatsapp.net": {
      "afkTime": -1,
      "afkReason": "",
      "limit": 20
    },
    "6285780169497@s.whatsapp.net": {
      "afkTime": -1,
      "afkReason": "",
      "limit": 20
    },
    "6287862997267@s.whatsapp.net": {
      "afkTime": -1,
      "afkReason": "",
      "limit": 20
    },
    "6283839132814@s.whatsapp.net": {
      "afkTime": -1,
      "afkReason": "",
      "limit": 20
    },
    "6281245800665@s.whatsapp.net": {
      "afkTime": -1,
      "afkReason": "",
      "limit": 20
    },
    "601137273582@s.whatsapp.net": {
      "afkTime": -1,
      "afkReason": "",
      "limit": 20
    },
    "120363333625617418@newsletter": {
      "afkTime": -1,
      "afkReason": "",
      "limit": 20
    },
    "6282320524806@s.whatsapp.net": {
      "afkTime": -1,
      "afkReason": "",
      "limit": 20
    },
    "6289653290529@s.whatsapp.net": {
      "afkTime": -1,
      "afkReason": "",
      "limit": 20
    },
    "6285715965891@s.whatsapp.net": {
      "afkTime": -1,
      "afkReason": "",
      "limit": 20
    },
    "6285256142825@s.whatsapp.net": {
      "afkTime": -1,
      "afkReason": "",
      "limit": 20
    },
    "6283125851972@s.whatsapp.net": {
      "afkTime": -1,
      "afkReason": "",
      "limit": 20
    },
    "6283845054704@s.whatsapp.net": {
      "afkTime": -1,
      "afkReason": "",
      "limit": 20
    },
    "120363319098372999@newsletter": {
      "afkTime": -1,
      "afkReason": "",
      "limit": 20
    },
    "6285962317879@s.whatsapp.net": {
      "afkTime": -1,
      "afkReason": "",
      "limit": 20
    },
    "6289517642642@s.whatsapp.net": {
      "afkTime": -1,
      "afkReason": "",
      "limit": 20
    },
    "13135550002@s.whatsapp.net": {
      "afkTime": -1,
      "afkReason": "",
      "limit": 20
    },
    "60102024673@s.whatsapp.net": {
      "afkTime": -1,
      "afkReason": "",
      "limit": 20
    },
    "6289637156087@s.whatsapp.net": {
      "afkTime": -1,
      "afkReason": "",
      "limit": 20
    },
    "558896110835@s.whatsapp.net": {
      "afkTime": -1,
      "afkReason": "",
      "limit": 20
    },
    "6282120028978@s.whatsapp.net": {
      "afkTime": -1,
      "afkReason": "",
      "limit": 20
    },
    "120363368921459705@newsletter": {
      "afkTime": -1,
      "afkReason": "",
      "limit": 20
    },
    "120363364330631981@newsletter": {
      "afkTime": -1,
      "afkReason": "",
      "limit": 20
    },
    "120363246314841421@newsletter": {
      "afkTime": -1,
      "afkReason": "",
      "limit": 20
    },
    "6283813651746@s.whatsapp.net": {
      "afkTime": -1,
      "afkReason": "",
      "limit": 20
    },
    "6281336720047@s.whatsapp.net": {
      "afkTime": -1,
      "afkReason": "",
      "limit": 20
    },
    "6287802485401@s.whatsapp.net": {
      "afkTime": -1,
      "afkReason": "",
      "limit": 20
    },
    "6283147243013@s.whatsapp.net": {
      "afkTime": -1,
      "afkReason": "",
      "limit": 20
    },
    "62895424493636@s.whatsapp.net": {
      "afkTime": -1,
      "afkReason": "",
      "limit": 20
    },
    "6281364547132@s.whatsapp.net": {
      "afkTime": -1,
      "afkReason": "",
      "limit": 20
    },
    "6289501942057@s.whatsapp.net": {
      "afkTime": -1,
      "afkReason": "",
      "limit": 20
    },
    "6281225689240@s.whatsapp.net": {
      "afkTime": -1,
      "afkReason": "",
      "limit": 20
    },
    "48459262831@s.whatsapp.net": {
      "afkTime": -1,
      "afkReason": "",
      "limit": 20
    },
    "6281359369688@s.whatsapp.net": {
      "afkTime": -1,
      "afkReason": "",
      "limit": 20
    },
    "6288213993436@s.whatsapp.net": {
      "afkTime": -1,
      "afkReason": "",
      "limit": 20
    },
    "6282340319193@s.whatsapp.net": {
      "afkTime": -1,
      "afkReason": "",
      "limit": 20
    },
    "6281335347667@s.whatsapp.net": {
      "afkTime": -1,
      "afkReason": "",
      "limit": 20
    },
    "628561551719@s.whatsapp.net": {
      "afkTime": -1,
      "afkReason": "",
      "limit": 20
    },
    "6288276372218@s.whatsapp.net": {
      "afkTime": -1,
      "afkReason": "",
      "limit": 20
    },
    "6287896040957@s.whatsapp.net": {
      "afkTime": -1,
      "afkReason": "",
      "limit": 20
    },
    "62895703026868@s.whatsapp.net": {
      "afkTime": -1,
      "afkReason": "",
      "limit": 20
    },
    "6283851757192@s.whatsapp.net": {
      "afkTime": -1,
      "afkReason": "",
      "limit": 20
    },
    "6283139848333@s.whatsapp.net": {
      "afkTime": -1,
      "afkReason": "",
      "limit": 20
    },
    "6283865989961@s.whatsapp.net": {
      "afkTime": -1,
      "afkReason": "",
      "limit": 20
    },
    "6285198468895@s.whatsapp.net": {
      "afkTime": -1,
      "afkReason": "",
      "limit": 20
    },
    "6281259933703@s.whatsapp.net": {
      "afkTime": -1,
      "afkReason": "",
      "limit": 20
    },
    "6282246552663@s.whatsapp.net": {
      "afkTime": -1,
      "afkReason": "",
      "limit": 20
    },
    "6285739614920@s.whatsapp.net": {
      "afkTime": -1,
      "afkReason": "",
      "limit": 20
    },
    "6288276311490@s.whatsapp.net": {
      "afkTime": -1,
      "afkReason": "",
      "limit": 20
    },
    "6285691136018@s.whatsapp.net": {
      "afkTime": -1,
      "afkReason": "",
      "limit": 20
    },
    "6282178565011@s.whatsapp.net": {
      "afkTime": -1,
      "afkReason": "",
      "limit": 20
    },
    "6282352398858@s.whatsapp.net": {
      "afkTime": -1,
      "afkReason": "",
      "limit": 20
    },
    "6283876067809@s.whatsapp.net": {
      "afkTime": -1,
      "afkReason": "",
      "limit": 20
    },
    "6282339835060@s.whatsapp.net": {
      "afkTime": -1,
      "afkReason": "",
      "limit": 20
    },
    "6281818259550@s.whatsapp.net": {
      "afkTime": -1,
      "afkReason": "",
      "limit": 20
    },
    "6281265880429@s.whatsapp.net": {
      "afkTime": -1,
      "afkReason": "",
      "limit": 20
    },
    "6288802752781@s.whatsapp.net": {
      "afkTime": -1,
      "afkReason": "",
      "limit": 20
    },
    "6285520765165@s.whatsapp.net": {
      "afkTime": -1,
      "afkReason": "",
      "limit": 20
    },
    "6288228768302@s.whatsapp.net": {
      "afkTime": -1,
      "afkReason": "",
      "limit": 20
    },
    "6283119115977@s.whatsapp.net": {
      "afkTime": -1,
      "afkReason": "",
      "limit": 20
    },
    "6289503775491@s.whatsapp.net": {
      "afkTime": -1,
      "afkReason": "",
      "limit": 20
    },
    "6285169937256@s.whatsapp.net": {
      "afkTime": -1,
      "afkReason": "",
      "limit": 20
    },
    "6285714376839@s.whatsapp.net": {
      "afkTime": -1,
      "afkReason": "",
      "limit": 20
    },
    "628814986949@s.whatsapp.net": {
      "afkTime": -1,
      "afkReason": "",
      "limit": 20
    },
    "6288985481119@s.whatsapp.net": {
      "afkTime": -1,
      "afkReason": "",
      "limit": 20
    },
    "6282210669575@s.whatsapp.net": {
      "afkTime": -1,
      "afkReason": "",
      "limit": 20
    },
    "6281297169448@s.whatsapp.net": {
      "afkTime": -1,
      "afkReason": "",
      "limit": 20
    },
    "6285117090357@s.whatsapp.net": {
      "afkTime": -1,
      "afkReason": "",
      "limit": 20
    },
    "6283803286955@s.whatsapp.net": {
      "afkTime": -1,
      "afkReason": "",
      "limit": 20
    },
    "6285642942627@s.whatsapp.net": {
      "afkTime": -1,
      "afkReason": "",
      "limit": 20
    },
    "6282144565899@s.whatsapp.net": {
      "afkTime": -1,
      "afkReason": "",
      "limit": 20
    },
    "17089003182@s.whatsapp.net": {
      "afkTime": -1,
      "afkReason": "",
      "limit": 20
    },
    "6281390143373@s.whatsapp.net": {
      "afkTime": -1,
      "afkReason": "",
      "limit": 20
    },
    "6285692177920@s.whatsapp.net": {
      "afkTime": -1,
      "afkReason": "",
      "limit": 20
    },
    "6285379880818@s.whatsapp.net": {
      "afkTime": -1,
      "afkReason": "",
      "limit": 20
    },
    "212768173508@s.whatsapp.net": {
      "afkTime": -1,
      "afkReason": "",
      "limit": 20
    },
    "6285708089620@s.whatsapp.net": {
      "afkTime": -1,
      "afkReason": "",
      "limit": 20
    },
    "6288222230298@s.whatsapp.net": {
      "afkTime": -1,
      "afkReason": "",
      "limit": 20
    },
    "6282189017716@s.whatsapp.net": {
      "afkTime": -1,
      "afkReason": "",
      "limit": 20
    },
    "6285650857168@s.whatsapp.net": {
      "afkTime": -1,
      "afkReason": "",
      "limit": 20
    },
    "6283123740781@s.whatsapp.net": {
      "afkTime": -1,
      "afkReason": "",
      "limit": 20
    },
    "6281327486823@s.whatsapp.net": {
      "afkTime": -1,
      "afkReason": "",
      "limit": 20
    },
    "6283117763308@s.whatsapp.net": {
      "afkTime": -1,
      "afkReason": "",
      "limit": 20
    },
    "60185768607@s.whatsapp.net": {
      "afkTime": -1,
      "afkReason": "",
      "limit": 20
    },
    "6281316554548@s.whatsapp.net": {
      "afkTime": -1,
      "afkReason": "",
      "limit": 20
    },
    "60189076591@s.whatsapp.net": {
      "afkTime": -1,
      "afkReason": "",
      "limit": 20
    },
    "6287715442040@s.whatsapp.net": {
      "afkTime": -1,
      "afkReason": "",
      "limit": 20
    },
    "919389379221@s.whatsapp.net": {
      "afkTime": -1,
      "afkReason": "",
      "limit": 20
    },
    "6282233131325@s.whatsapp.net": {
      "afkTime": -1,
      "afkReason": "",
      "limit": 20
    },
    "6287750706587@s.whatsapp.net": {
      "afkTime": -1,
      "afkReason": "",
      "limit": 20
    },
    "6281459082484@s.whatsapp.net": {
      "afkTime": -1,
      "afkReason": "",
      "limit": 20
    },
    "6282257173459@s.whatsapp.net": {
      "afkTime": -1,
      "afkReason": "",
      "limit": 20
    },
    "6281249254479@s.whatsapp.net": {
      "afkTime": -1,
      "afkReason": "",
      "limit": 20
    },
    "6283114489657@s.whatsapp.net": {
      "afkTime": -1,
      "afkReason": "",
      "limit": 20
    },
    "6283150288457@s.whatsapp.net": {
      "afkTime": -1,
      "afkReason": "",
      "limit": 20
    },
    "6281324048672@s.whatsapp.net": {
      "afkTime": -1,
      "afkReason": "",
      "limit": 20
    },
    "6282262819423@s.whatsapp.net": {
      "afkTime": -1,
      "afkReason": "",
      "limit": 20
    },
    "6285183197499@s.whatsapp.net": {
      "afkTime": -1,
      "afkReason": "",
      "limit": 20
    },
    "6285135950802@s.whatsapp.net": {
      "afkTime": -1,
      "afkReason": "",
      "limit": 20
    },
    "6289523236884@s.whatsapp.net": {
      "afkTime": -1,
      "afkReason": "",
      "limit": 20
    },
    "6282264392320@s.whatsapp.net": {
      "afkTime": -1,
      "afkReason": "",
      "limit": 20
    },
    "6282146674364@s.whatsapp.net": {
      "afkTime": -1,
      "afkReason": "",
      "limit": 20
    },
    "6289630611452@s.whatsapp.net": {
      "afkTime": -1,
      "afkReason": "",
      "limit": 20
    },
    "6283844844282@s.whatsapp.net": {
      "afkTime": -1,
      "afkReason": "",
      "limit": 20
    },
    "6285338948530@s.whatsapp.net": {
      "afkTime": -1,
      "afkReason": "",
      "limit": 20
    },
    "60187913221@s.whatsapp.net": {
      "afkTime": -1,
      "afkReason": "",
      "limit": 20
    },
    "919789268512@s.whatsapp.net": {
      "afkTime": -1,
      "afkReason": "",
      "limit": 20
    },
    "6283117393828@s.whatsapp.net": {
      "afkTime": -1,
      "afkReason": "",
      "limit": 20
    },
    "6282165354788@s.whatsapp.net": {
      "afkTime": -1,
      "afkReason": "",
      "limit": 20
    },
    "6283136008748@s.whatsapp.net": {
      "afkTime": -1,
      "afkReason": "",
      "limit": 20
    },
    "6283818744065@s.whatsapp.net": {
      "afkTime": -1,
      "afkReason": "",
      "limit": 20
    },
    "6285696221863@s.whatsapp.net": {
      "afkTime": -1,
      "afkReason": "",
      "limit": 20
    },
    "6288279203341@s.whatsapp.net": {
      "afkTime": -1,
      "afkReason": "",
      "limit": 16
    },
    "6285946675690@s.whatsapp.net": {
      "afkTime": -1,
      "afkReason": "",
      "limit": 20
    },
    "6283849919479@s.whatsapp.net": {
      "afkTime": -1,
      "afkReason": "",
      "limit": 20
    },
    "6285651974323@s.whatsapp.net": {
      "afkTime": -1,
      "afkReason": "",
      "limit": 20
    },
    "6282116098942@s.whatsapp.net": {
      "afkTime": -1,
      "afkReason": "",
      "limit": 20
    },
    "628566215085@s.whatsapp.net": {
      "afkTime": -1,
      "afkReason": "",
      "limit": 20
    },
    "62882008834282@s.whatsapp.net": {
      "afkTime": -1,
      "afkReason": "",
      "limit": 20
    },
    "6283845075775@s.whatsapp.net": {
      "afkTime": -1,
      "afkReason": "",
      "limit": 20
    },
    "6282157622118@s.whatsapp.net": {
      "afkTime": -1,
      "afkReason": "",
      "limit": 20
    },
    "6281374418005@s.whatsapp.net": {
      "afkTime": -1,
      "afkReason": "",
      "limit": 20
    },
    "6285717865815@s.whatsapp.net": {
      "afkTime": -1,
      "afkReason": "",
      "limit": 20
    },
    "6282121875443@s.whatsapp.net": {
      "afkTime": -1,
      "afkReason": "",
      "limit": 20
    },
    "6282113193421@s.whatsapp.net": {
      "afkTime": -1,
      "afkReason": "",
      "limit": 20
    },
    "6285600547307@s.whatsapp.net": {
      "afkTime": -1,
      "afkReason": "",
      "limit": 20
    },
    "601160532984@s.whatsapp.net": {
      "afkTime": -1,
      "afkReason": "",
      "limit": 20
    },
    "6285773674901@s.whatsapp.net": {
      "afkTime": -1,
      "afkReason": "",
      "limit": 20
    },
    "62895365491943@s.whatsapp.net": {
      "afkTime": -1,
      "afkReason": "",
      "limit": 20
    },
    "6282193779765@s.whatsapp.net": {
      "afkTime": -1,
      "afkReason": "",
      "limit": 20
    },
    "62895403690650@s.whatsapp.net": {
      "afkTime": -1,
      "afkReason": "",
      "limit": 20
    },
    "6285184818626@s.whatsapp.net": {
      "afkTime": -1,
      "afkReason": "",
      "limit": 20
    },
    "6283899222717@s.whatsapp.net": {
      "afkTime": -1,
      "afkReason": "",
      "limit": 20
    },
    "6285176894730@s.whatsapp.net": {
      "afkTime": -1,
      "afkReason": "",
      "limit": 20
    },
    "6287864044443@s.whatsapp.net": {
      "afkTime": -1,
      "afkReason": "",
      "limit": 20
    },
    "13476083462@s.whatsapp.net": {
      "afkTime": -1,
      "afkReason": "",
      "limit": 20
    },
    "62881012124905@s.whatsapp.net": {
      "afkTime": -1,
      "afkReason": "",
      "limit": 20
    },
    "6285773105834@s.whatsapp.net": {
      "afkTime": -1,
      "afkReason": "",
      "limit": 20
    },
    "6285364761216@s.whatsapp.net": {
      "afkTime": -1,
      "afkReason": "",
      "limit": 20
    },
    "6283834009138@s.whatsapp.net": {
      "afkTime": -1,
      "afkReason": "",
      "limit": 20
    },
    "6285758581237@s.whatsapp.net": {
      "afkTime": -1,
      "afkReason": "",
      "limit": 20
    },
    "62882022803525@s.whatsapp.net": {
      "afkTime": -1,
      "afkReason": "",
      "limit": 20
    },
    "6288258298467@s.whatsapp.net": {
      "afkTime": -1,
      "afkReason": "",
      "limit": 20
    },
    "6285174257945@s.whatsapp.net": {
      "afkTime": -1,
      "afkReason": "",
      "limit": 20
    },
    "212706611366@s.whatsapp.net": {
      "afkTime": -1,
      "afkReason": "",
      "limit": 20
    },
    "6281515408842@s.whatsapp.net": {
      "afkTime": -1,
      "afkReason": "",
      "limit": 20
    },
    "6281269557809@s.whatsapp.net": {
      "afkTime": -1,
      "afkReason": "",
      "limit": 20
    },
    "6285191990153@s.whatsapp.net": {
      "afkTime": -1,
      "afkReason": "",
      "limit": 20
    },
    "6289618598717@s.whatsapp.net": {
      "afkTime": -1,
      "afkReason": "",
      "limit": 20
    },
    "6282284533743@s.whatsapp.net": {
      "afkTime": -1,
      "afkReason": "",
      "limit": 20
    },
    "6283134818049@s.whatsapp.net": {
      "afkTime": -1,
      "afkReason": "",
      "limit": 20
    },
    "6281396480255@s.whatsapp.net": {
      "afkTime": -1,
      "afkReason": "",
      "limit": 20
    },
    "6283854545783@s.whatsapp.net": {
      "afkTime": -1,
      "afkReason": "",
      "limit": 20
    },
    "556293571094@s.whatsapp.net": {
      "afkTime": -1,
      "afkReason": "",
      "limit": 20
    },
    "6285135019895@s.whatsapp.net": {
      "afkTime": -1,
      "afkReason": "",
      "limit": 20
    },
    "62895413522090@s.whatsapp.net": {
      "afkTime": -1,
      "afkReason": "",
      "limit": 20
    },
    "6283102315194@s.whatsapp.net": {
      "afkTime": -1,
      "afkReason": "",
      "limit": 20
    },
    "6285184624369@s.whatsapp.net": {
      "afkTime": -1,
      "afkReason": "",
      "limit": 20
    },
    "6281369866836@s.whatsapp.net": {
      "afkTime": -1,
      "afkReason": "",
      "limit": 20
    },
    "6282354802969@s.whatsapp.net": {
      "afkTime": -1,
      "afkReason": "",
      "limit": 20
    },
    "62881023436246@s.whatsapp.net": {
      "afkTime": -1,
      "afkReason": "",
      "limit": 20
    },
    "628998741571@s.whatsapp.net": {
      "afkTime": -1,
      "afkReason": "",
      "limit": 20
    },
    "6285877208030@s.whatsapp.net": {
      "afkTime": -1,
      "afkReason": "",
      "limit": 20
    },
    "6285808219236@s.whatsapp.net": {
      "afkTime": -1,
      "afkReason": "",
      "limit": 20
    },
    "62895398817020@s.whatsapp.net": {
      "afkTime": -1,
      "afkReason": "",
      "limit": 20
    },
    "6285215572187@s.whatsapp.net": {
      "afkTime": -1,
      "afkReason": "",
      "limit": 20
    },
    "6285162572657@s.whatsapp.net": {
      "afkTime": -1,
      "afkReason": "",
      "limit": 20
    },
    "62895338664587@s.whatsapp.net": {
      "afkTime": -1,
      "afkReason": "",
      "limit": 20
    },
    "6287872693661@s.whatsapp.net": {
      "afkTime": -1,
      "afkReason": "",
      "limit": 20
    },
    "6288902986922@s.whatsapp.net": {
      "afkTime": -1,
      "afkReason": "",
      "limit": 20
    },
    "6285154880936@s.whatsapp.net": {
      "afkTime": -1,
      "afkReason": "",
      "limit": 20
    },
    "6283190017284@s.whatsapp.net": {
      "afkTime": -1,
      "afkReason": "",
      "limit": 20
    },
    "6282256740045@s.whatsapp.net": {
      "afkTime": -1,
      "afkReason": "",
      "limit": 20
    },
    "6285217124804@s.whatsapp.net": {
      "afkTime": -1,
      "afkReason": "",
      "limit": 20
    },
    "62895384644781@s.whatsapp.net": {
      "afkTime": -1,
      "afkReason": "",
      "limit": 20
    },
    "6288293082127@s.whatsapp.net": {
      "afkTime": -1,
      "afkReason": "",
      "limit": 20
    },
    "6288980152187@s.whatsapp.net": {
      "afkTime": -1,
      "afkReason": "",
      "limit": 20
    },
    "6282113821188@s.whatsapp.net": {
      "afkTime": -1,
      "afkReason": "",
      "limit": 20
    },
    "6283191909290@s.whatsapp.net": {
      "afkTime": -1,
      "afkReason": "",
      "limit": 20
    },
    "6283141389897@s.whatsapp.net": {
      "afkTime": -1,
      "afkReason": "",
      "limit": 20
    },
    "6285813232639@s.whatsapp.net": {
      "afkTime": -1,
      "afkReason": "",
      "limit": 20
    },
    "6285700656902@s.whatsapp.net": {
      "afkTime": -1,
      "afkReason": "",
      "limit": 20
    },
    "6285169652566@s.whatsapp.net": {
      "afkTime": -1,
      "afkReason": "",
      "limit": 20
    },
    "6285370284784@s.whatsapp.net": {
      "afkTime": -1,
      "afkReason": "",
      "limit": 20
    },
    "6282324274441@s.whatsapp.net": {
      "afkTime": -1,
      "afkReason": "",
      "limit": 20
    },
    "6283866723323@s.whatsapp.net": {
      "afkTime": -1,
      "afkReason": "",
      "limit": 20
    },
    "62895329755816@s.whatsapp.net": {
      "afkTime": -1,
      "afkReason": "",
      "limit": 20
    },
    "6289520169515@s.whatsapp.net": {
      "afkTime": -1,
      "afkReason": "",
      "limit": 20
    },
    "6285157069906@s.whatsapp.net": {
      "afkTime": -1,
      "afkReason": "",
      "limit": 20
    },
    "6281572640517@s.whatsapp.net": {
      "afkTime": -1,
      "afkReason": "",
      "limit": 20
    },
    "6281930717872@s.whatsapp.net": {
      "afkTime": -1,
      "afkReason": "",
      "limit": 20
    },
    "6288286967306@s.whatsapp.net": {
      "afkTime": -1,
      "afkReason": "",
      "limit": 20
    },
    "6281230814743@s.whatsapp.net": {
      "afkTime": -1,
      "afkReason": "",
      "limit": 20
    },
    "6288286306385@s.whatsapp.net": {
      "afkTime": -1,
      "afkReason": "",
      "limit": 20
    },
    "6287792327805@s.whatsapp.net": {
      "afkTime": -1,
      "afkReason": "",
      "limit": 20
    },
    "6285716749651@s.whatsapp.net": {
      "afkTime": -1,
      "afkReason": "",
      "limit": 20
    },
    "6288287341829@s.whatsapp.net": {
      "afkTime": -1,
      "afkReason": "",
      "limit": 20
    },
    "6283132222783@s.whatsapp.net": {
      "afkTime": -1,
      "afkReason": "",
      "limit": 20
    },
    "6283190149609@s.whatsapp.net": {
      "afkTime": -1,
      "afkReason": "",
      "limit": 20
    },
    "60102699521@s.whatsapp.net": {
      "afkTime": -1,
      "afkReason": "",
      "limit": 20
    },
    "6282280755422@s.whatsapp.net": {
      "afkTime": -1,
      "afkReason": "",
      "limit": 20
    },
    "6285273193600@s.whatsapp.net": {
      "afkTime": -1,
      "afkReason": "",
      "limit": 20
    },
    "6281370856974@s.whatsapp.net": {
      "afkTime": -1,
      "afkReason": "",
      "limit": 20
    },
    "6285269224792@s.whatsapp.net": {
      "afkTime": -1,
      "afkReason": "",
      "limit": 20
    },
    "628567223962@s.whatsapp.net": {
      "afkTime": -1,
      "afkReason": "",
      "limit": 20
    },
    "62895323349119@s.whatsapp.net": {
      "afkTime": -1,
      "afkReason": "",
      "limit": 20
    },
    "6282393671816@s.whatsapp.net": {
      "afkTime": -1,
      "afkReason": "",
      "limit": 20
    },
    "6283143187586@s.whatsapp.net": {
      "afkTime": -1,
      "afkReason": "",
      "limit": 20
    },
    "62895351996806@s.whatsapp.net": {
      "afkTime": -1,
      "afkReason": "",
      "limit": 20
    },
    "6288279204675@s.whatsapp.net": {
      "afkTime": -1,
      "afkReason": "",
      "limit": 16,
      "uang": null
    },
    "62895320833076@s.whatsapp.net": {
      "afkTime": -1,
      "afkReason": "",
      "limit": 20
    },
    "6283165275486@s.whatsapp.net": {
      "afkTime": -1,
      "afkReason": "",
      "limit": 20
    },
    "6287858863659@s.whatsapp.net": {
      "afkTime": -1,
      "afkReason": "",
      "limit": 20
    },
    "6282339343793@s.whatsapp.net": {
      "afkTime": -1,
      "afkReason": "",
      "limit": 20
    },
    "6288215032882@s.whatsapp.net": {
      "afkTime": -1,
      "afkReason": "",
      "limit": 20
    },
    "6282337654844@s.whatsapp.net": {
      "afkTime": -1,
      "afkReason": "",
      "limit": 20
    },
    "6283152066257@s.whatsapp.net": {
      "afkTime": -1,
      "afkReason": "",
      "limit": 20
    },
    "6287768954934@s.whatsapp.net": {
      "afkTime": -1,
      "afkReason": "",
      "limit": 20
    },
    "6283899596709@s.whatsapp.net": {
      "afkTime": -1,
      "afkReason": "",
      "limit": 20
    },
    "6283172291106@s.whatsapp.net": {
      "afkTime": -1,
      "afkReason": "",
      "limit": 20
    },
    "6283862148197@s.whatsapp.net": {
      "afkTime": -1,
      "afkReason": "",
      "limit": 20
    },
    "6287887609778@s.whatsapp.net": {
      "afkTime": -1,
      "afkReason": "",
      "limit": 20
    },
    "628988113774@s.whatsapp.net": {
      "afkTime": -1,
      "afkReason": "",
      "limit": 20
    },
    "6281529833628@s.whatsapp.net": {
      "afkTime": -1,
      "afkReason": "",
      "limit": 20
    },
    "6289676625838@s.whatsapp.net": {
      "afkTime": -1,
      "afkReason": "",
      "limit": 20
    },
    "6285716503231@s.whatsapp.net": {
      "afkTime": -1,
      "afkReason": "",
      "limit": 20
    },
    "6285253898930@s.whatsapp.net": {
      "afkTime": -1,
      "afkReason": "",
      "limit": 20
    },
    "6287711298269@s.whatsapp.net": {
      "afkTime": -1,
      "afkReason": "",
      "limit": 20
    },
    "6285775701482@s.whatsapp.net": {
      "afkTime": -1,
      "afkReason": "",
      "limit": 20
    },
    "6287753845116@s.whatsapp.net": {
      "afkTime": -1,
      "afkReason": "",
      "limit": 20
    },
    "6285863131467@s.whatsapp.net": {
      "afkTime": -1,
      "afkReason": "",
      "limit": 20
    },
    "916000570671@s.whatsapp.net": {
      "afkTime": -1,
      "afkReason": "",
      "limit": 20
    },
    "639383128468@s.whatsapp.net": {
      "afkTime": -1,
      "afkReason": "",
      "limit": 20
    },
    "67078862558@s.whatsapp.net": {
      "afkTime": -1,
      "afkReason": "",
      "limit": 20
    },
    "6289677125720@s.whatsapp.net": {
      "afkTime": -1,
      "afkReason": "",
      "limit": 20
    },
    "6287886210967@s.whatsapp.net": {
      "afkTime": -1,
      "afkReason": "",
      "limit": 20
    },
    "6285182626535@s.whatsapp.net": {
      "afkTime": -1,
      "afkReason": "",
      "limit": 20
    },
    "6288742782469@s.whatsapp.net": {
      "afkTime": -1,
      "afkReason": "",
      "limit": 20
    },
    "6281372341845@s.whatsapp.net": {
      "afkTime": -1,
      "afkReason": "",
      "limit": 20
    },
    "6281399156454@s.whatsapp.net": {
      "afkTime": -1,
      "afkReason": "",
      "limit": 20
    },
    "6281362413888@s.whatsapp.net": {
      "afkTime": -1,
      "afkReason": "",
      "limit": 20
    },
    "6283155436024@s.whatsapp.net": {
      "afkTime": -1,
      "afkReason": "",
      "limit": 20
    },
    "6285697282840@s.whatsapp.net": {
      "afkTime": -1,
      "afkReason": "",
      "limit": 20
    },
    "6289524161398@s.whatsapp.net": {
      "afkTime": -1,
      "afkReason": "",
      "limit": 20
    },
    "120363390274692764@newsletter": {
      "afkTime": -1,
      "afkReason": "",
      "limit": 20
    },
    "6288708380014@s.whatsapp.net": {
      "afkTime": -1,
      "afkReason": "",
      "limit": 20
    },
    "6285142322587@s.whatsapp.net": {
      "afkTime": -1,
      "afkReason": "",
      "limit": 20
    },
    "6285857093616@s.whatsapp.net": {
      "afkTime": -1,
      "afkReason": "",
      "limit": 20
    },
    "6281374389489@s.whatsapp.net": {
      "afkTime": -1,
      "afkReason": "",
      "limit": 20
    },
    "6281277102187@s.whatsapp.net": {
      "afkTime": -1,
      "afkReason": "",
      "limit": 20
    },
    "6285793589243@s.whatsapp.net": {
      "afkTime": -1,
      "afkReason": "",
      "limit": 20
    }
  },
  "database": {},
  "chats": {
    "62881027174423@s.whatsapp.net": {
      "isBanned": false,
      "antispam": false,
      "antilink": false,
      "antilinkgc": false
    },
    "120363321502857275@g.us": {
      "isBanned": false,
      "antispam": false
    },
    "120363387006653740@g.us": {
      "isBanned": false,
      "antispam": false,
      "antilink": false,
      "antilinkgc": false
    },
    "120363385203281958@g.us": {
      "isBanned": false,
      "antispam": false,
      "antilink": false,
      "antilinkgc": false
    },
    "6281252826231@s.whatsapp.net": {
      "isBanned": false,
      "antispam": false,
      "antilink": false,
      "antilinkgc": false
    },
    "120363363009408737@newsletter": {
      "isBanned": false,
      "antispam": false,
      "antilink": false,
      "antilinkgc": false
    },
    "120363321508956696@newsletter": {
      "isBanned": false,
      "antispam": false,
      "antilink": false,
      "antilinkgc": false
    },
    "120363384084345227@g.us": {
      "isBanned": false,
      "antispam": false,
      "antilink": false,
      "antilinkgc": false
    },
    "62882008702155@s.whatsapp.net": {
      "isBanned": false,
      "antispam": false,
      "antilink": false,
      "antilinkgc": false
    },
    "120363383347233294@newsletter": {
      "isBanned": false,
      "antispam": false,
      "antilink": false,
      "antilinkgc": false
    },
    "120363364330631981@newsletter": {
      "isBanned": false,
      "antispam": false,
      "antilink": false,
      "antilinkgc": false
    },
    "120363150437132532@g.us": {
      "isBanned": false,
      "antispam": false,
      "antilink": false,
      "antilinkgc": false
    },
    "6285733818592@s.whatsapp.net": {
      "isBanned": false,
      "antispam": false,
      "antilink": false,
      "antilinkgc": false
    },
    "120363026393635831@g.us": {
      "isBanned": false,
      "antispam": false,
      "antilink": false,
      "antilinkgc": false
    },
    "120363297258711626@newsletter": {
      "isBanned": false,
      "antispam": false,
      "antilink": false,
      "antilinkgc": false
    },
    "120363333625617418@newsletter": {
      "isBanned": false,
      "antispam": false,
      "antilink": false,
      "antilinkgc": false
    },
    "120363246314841421@newsletter": {
      "isBanned": false,
      "antispam": false,
      "antilink": false,
      "antilinkgc": false
    },
    "120363319098372999@newsletter": {
      "isBanned": false,
      "antispam": false,
      "antilink": false,
      "antilinkgc": false
    },
    "867051314767696@bot": {
      "isBanned": false,
      "antispam": false,
      "antilink": false,
      "antilinkgc": false
    },
    "13135550002@s.whatsapp.net": {
      "isBanned": false,
      "antispam": false,
      "antilink": false,
      "antilinkgc": false
    },
    "120363368921459705@newsletter": {
      "isBanned": false,
      "antispam": false,
      "antilink": false,
      "antilinkgc": false
    },
    "120363358173981142@g.us": {
      "isBanned": false,
      "antispam": false,
      "antilink": false,
      "antilinkgc": false
    },
    "6281359369688@s.whatsapp.net": {
      "isBanned": false,
      "antispam": false,
      "antilink": false,
      "antilinkgc": false
    },
    "6288805621060@s.whatsapp.net": {
      "isBanned": false,
      "antispam": false,
      "antilink": false,
      "antilinkgc": false
    },
    "120363250101511361@newsletter": {
      "isBanned": false,
      "antispam": false,
      "antilink": false,
      "antilinkgc": false
    },
    "120363355480123437@g.us": {
      "isBanned": false,
      "antispam": false,
      "antilink": false,
      "antilinkgc": false
    },
    "6288989971490@s.whatsapp.net": {
      "isBanned": false,
      "antispam": false,
      "antilink": false,
      "antilinkgc": false
    },
    "6285739614920@s.whatsapp.net": {
      "isBanned": false,
      "antispam": false,
      "antilink": false,
      "antilinkgc": false
    },
    "6289503775491@s.whatsapp.net": {
      "isBanned": false,
      "antispam": false,
      "antilink": false,
      "antilinkgc": false
    },
    "6288985481119@s.whatsapp.net": {
      "isBanned": false,
      "antispam": false,
      "antilink": false,
      "antilinkgc": false
    },
    "6281390143373@s.whatsapp.net": {
      "isBanned": false,
      "antispam": false,
      "antilink": false,
      "antilinkgc": false
    },
    "120363200367779016@newsletter": {
      "isBanned": false,
      "antispam": false
    },
    "120363326517699885@g.us": {
      "isBanned": false,
      "antispam": false
    },
    "6285198468895@s.whatsapp.net": {
      "isBanned": false,
      "antispam": false,
      "antilink": false,
      "antilinkgc": false
    },
    "120363344366953899@newsletter": {
      "isBanned": false,
      "antispam": false
    },
    "120363362254469246@newsletter": {
      "isBanned": false,
      "antispam": false,
      "antilink": false,
      "antilinkgc": false
    },
    "6287750706587-1596267724@g.us": {
      "isBanned": false,
      "antispam": false,
      "antilink": false,
      "antilinkgc": false
    },
    "6288279203341@s.whatsapp.net": {
      "isBanned": false,
      "antispam": false,
      "antilink": false,
      "antilinkgc": false
    },
    "120363369987228164@g.us": {
      "isBanned": false,
      "antispam": true,
      "antilink": false,
      "antilinkgc": false
    },
    "6282116098942@s.whatsapp.net": {
      "isBanned": false,
      "antispam": false,
      "antilink": false,
      "antilinkgc": false
    },
    "120363305356723553@newsletter": {
      "isBanned": false,
      "antispam": false,
      "antilink": false,
      "antilinkgc": false
    },
    "120363166012824065@g.us": {
      "isBanned": false,
      "antispam": false,
      "antilink": false,
      "antilinkgc": false
    },
    "120363377959221989@g.us": {
      "isBanned": false,
      "antispam": false,
      "antilink": false,
      "antilinkgc": false
    },
    "120363379966142036@g.us": {
      "isBanned": false,
      "antispam": false,
      "antilink": false,
      "antilinkgc": false
    },
    "120363198691979061@g.us": {
      "isBanned": false,
      "antispam": false,
      "antilink": false,
      "antilinkgc": false
    },
    "120363386806069136@g.us": {
      "isBanned": false,
      "antispam": false,
      "antilink": false,
      "antilinkgc": false
    },
    "120363382100023223@g.us": {
      "isBanned": false,
      "antispam": false,
      "antilink": false,
      "antilinkgc": false
    },
    "6285154880936@s.whatsapp.net": {
      "isBanned": false,
      "antispam": false,
      "antilink": false,
      "antilinkgc": false
    },
    "120363363604624428@newsletter": {
      "isBanned": false,
      "antispam": false,
      "antilink": false,
      "antilinkgc": false
    },
    "6288279204675@s.whatsapp.net": {
      "isBanned": false,
      "antispam": false,
      "antilink": false,
      "antilinkgc": false
    },
    "62895320833076@s.whatsapp.net": {
      "isBanned": false,
      "antispam": false,
      "antilink": false,
      "antilinkgc": false
    },
    "6283849919479@s.whatsapp.net": {
      "isBanned": false,
      "antispam": false,
      "antilink": false,
      "antilinkgc": false
    },
    "6287753845116@s.whatsapp.net": {
      "isBanned": false,
      "antispam": false,
      "antilink": false,
      "antilinkgc": false
    },
    "6283137414832@s.whatsapp.net": {
      "isBanned": false,
      "antispam": false,
      "antilink": false,
      "antilinkgc": false
    },
    "6285167815498@s.whatsapp.net": {
      "isBanned": false,
      "antispam": false,
      "antilink": false,
      "antilinkgc": false
    },
    "120363342327876451@newsletter": {
      "isBanned": false,
      "antispam": false,
      "antilink": false,
      "antilinkgc": false
    },
    "120363380979480451@newsletter": {
      "isBanned": false,
      "antispam": false
    },
    "120363408690505528@g.us": {
      "isBanned": false,
      "antispam": false,
      "antilink": false,
      "antilinkgc": false
    },
    "6287887609778@s.whatsapp.net": {
      "isBanned": false,
      "antispam": false,
      "antilink": false,
      "antilinkgc": false
    },
    "6287711298269@s.whatsapp.net": {
      "isBanned": false,
      "antispam": false,
      "antilink": false,
      "antilinkgc": false
    },
    "120363409277871483@g.us": {
      "isBanned": false,
      "antispam": false,
      "antilink": false,
      "antilinkgc": false
    },
    "120363410250582395@newsletter": {
      "isBanned": false,
      "antispam": false,
      "antilink": false,
      "antilinkgc": false
    },
    "916000570671@s.whatsapp.net": {
      "isBanned": false,
      "antispam": false,
      "antilink": false,
      "antilinkgc": false
    },
    "120363393933944644@g.us": {
      "isBanned": false,
      "antispam": false,
      "antilink": false,
      "antilinkgc": false
    },
    "6285182626535@s.whatsapp.net": {
      "isBanned": false,
      "antispam": false,
      "antilink": false,
      "antilinkgc": false
    },
    "6288742782469@s.whatsapp.net": {
      "isBanned": false,
      "antispam": false,
      "antilink": false,
      "antilinkgc": false
    },
    "6281372341845@s.whatsapp.net": {
      "isBanned": false,
      "antispam": false,
      "antilink": false,
      "antilinkgc": false
    },
    "6281374418005@s.whatsapp.net": {
      "isBanned": false,
      "antispam": false,
      "antilink": false,
      "antilinkgc": false
    },
    "6281399156454@s.whatsapp.net": {
      "isBanned": false,
      "antispam": false,
      "antilink": false,
      "antilinkgc": false
    },
    "6283155436024@s.whatsapp.net": {
      "isBanned": false,
      "antispam": false,
      "antilink": false,
      "antilinkgc": false
    },
    "6289524161398@s.whatsapp.net": {
      "isBanned": false,
      "antispam": false,
      "antilink": false,
      "antilinkgc": false
    },
    "120363390274692764@newsletter": {
      "isBanned": false,
      "antispam": false,
      "antilink": false,
      "antilinkgc": false
    },
    "120363398970250091@g.us": {
      "isBanned": false,
      "antispam": true,
      "antilink": true,
      "antilinkgc": true
    },
    "120363418300428752@g.us": {
      "isBanned": false,
      "antispam": false,
      "antilink": false,
      "antilinkgc": false
    },
    "6285142322587@s.whatsapp.net": {
      "isBanned": false,
      "antispam": false,
      "antilink": false,
      "antilinkgc": false
    },
    "6288708380014@s.whatsapp.net": {
      "isBanned": false,
      "antispam": false,
      "antilink": false,
      "antilinkgc": false
    },
    "6285793319028@s.whatsapp.net": {
      "isBanned": false,
      "antispam": false
    },
    "6285857093616@s.whatsapp.net": {
      "isBanned": false,
      "antispam": false,
      "antilink": false,
      "antilinkgc": false
    },
    "6281374389489@s.whatsapp.net": {
      "isBanned": false,
      "antispam": false,
      "antilink": false,
      "antilinkgc": false
    },
    "6288211700763@s.whatsapp.net": {
      "isBanned": false,
      "antispam": false
    },
    "6283172291106@s.whatsapp.net": {
      "isBanned": false,
      "antispam": false,
      "antilink": false,
      "antilinkgc": false
    },
    "6285793589243@s.whatsapp.net": {
      "isBanned": false,
      "antispam": false,
      "antilink": false,
      "antilinkgc": false
    }
  },
  "game": {},
  "settings": {
    "62881027174423@s.whatsapp.net": {
      "autoread": false
    },
    "6288279203341@s.whatsapp.net": {
      "autoread": false
    },
    "6288279204675@s.whatsapp.net": {
      "autoread": false
    },
    "6288742782469@s.whatsapp.net": {
      "autoread": false
    }
  },
  "message": {}
}